,time (min),Molar Mass 1,time (min).1,Molar Mass 2,time (min).2,LS,time (min).3,UV
0,22.940884801167396,37168.5115113963,25.455148118726,16687.7794010083,22.089147390658997,0.00590026607306221,22.087388830239,0.00041682219372045896
1,22.9490745839608,36347.1734480073,25.4633379015193,16605.907625569398,22.097337173452303,0.00563795595069817,22.095578613032398,0.000439613545043556
2,22.957264366754103,37811.085788625496,25.4715276843127,16349.8259373327,22.1055269562457,0.00537564582833304,22.1037683958257,0.00046132871476349806
3,22.9654541495475,37930.180018538,25.479717467106,16872.992373221998,22.113716739039003,0.00401060686470177,22.111958178619105,0.000480036895484298
4,22.973643932340803,37043.623848292,25.487907249899397,17091.1320252982,22.1219065218324,0.00417686739789721,22.120147961412396,0.000501477222198513
5,22.9818337151342,36304.6639415701,25.4960970326927,16705.1561509926,22.1300963046257,0.0043431279310932,22.128337744205798,0.000533291760001012
6,22.9900234979275,35365.4054692932,25.5042868154861,16850.8992871459,22.1382860874191,0.00455274141944983,22.136527526999103,0.000568707905866931
7,22.998213280720897,34460.4001459121,25.5124765982794,16632.6156266018,22.1464758702124,0.00464149138835928,22.1447173097925,0.0005984530362465219
8,23.0064030635142,33290.428343953,25.520666381072804,16161.4830866109,22.1546656530058,0.00464509533851156,22.152907092585803,0.000628458904802235
9,23.0145928463076,34198.068877515296,25.5288561638661,16025.8114707969,22.162855435799102,0.004233217977178429,22.1610968753792,0.0006636497907599769
10,23.0227826291009,35041.128186455,25.537045946659497,16563.4924027331,22.1710452185925,0.00382134061584585,22.169286658172602,0.000699584320992375
11,23.030972411894304,33909.4557650993,25.545235729452802,18776.2215084386,22.1792350013858,0.00430474645693874,22.1774764409659,0.000732430085509484
12,23.0391621946876,33361.2817130724,25.5534255122462,18372.8991179584,22.1874247841792,0.0047479624306784795,22.1856662237592,0.000761556879575358
13,23.047351977480997,34022.9067405085,25.561615295039502,17255.2065495442,22.1956145669725,0.00519117840441876,22.1938560065526,0.000789704356437492
14,23.055541760274302,34589.3366438553,25.5698050778329,16249.6989224358,22.203804349765896,0.00518909887157779,22.202045789346,0.000819819299938693
15,23.0637315430677,34516.9800071753,25.577994860626198,16170.7998869956,22.211994132559198,0.00518701933873627,22.2102355721393,0.000849444821570751
16,23.071921325861002,34054.8121998387,25.5861846434196,16192.122499905301,22.220183915352603,0.00499445253464881,22.218425354932698,0.000877519504480654
17,23.0801111086544,33285.602427937,25.594374426212898,16162.435467031899,22.2283736981459,0.00386370185099206,22.226615137726,0.000908577903738458
18,23.0883008914477,33699.1678035869,25.6025642090063,16680.5111668386,22.236563480939303,0.00477950868255419,22.234804920519398,0.0009400926042163939
19,23.0964906742411,33759.8562253251,25.6107539917996,16011.6292658278,22.2447532637326,0.0052498668003381896,22.242994703312696,0.00096636681152729
20,23.104680457034398,34489.7133288381,25.618943774593,15416.6923321258,22.252943046526,0.00530650011083017,22.2511844861061,0.00098650700752625
21,23.1128702398278,34641.8612990635,25.6271335573863,15745.2027113767,22.2611328293193,0.00536313342132216,22.259374268899396,0.00100387215413893
22,23.1210600226211,35208.7236484653,25.6353233401797,15960.7299165002,22.2693226121127,0.00537733663502333,22.2675640516928,0.00103256515723801
23,23.1292498054145,34438.7550435762,25.643513122972998,16046.824943481599,22.277512394906,0.00717735924504858,22.275753834486103,0.00106983136253988
24,23.1374395882078,33727.2449213442,25.651702905766395,16083.4147359125,22.2857021776994,0.00754106544995373,22.2839436172795,0.00110114733351599
25,23.1456293710012,32780.8218380404,25.659892688559697,15425.457865755301,22.2938919604927,0.007937102555375209,22.2921334000728,0.00113619525135861
26,23.153819153794498,32025.794294180898,25.668082471353102,15558.136806627801,22.3020817432861,0.00800882815232332,22.3003231828662,0.00118404255897188
27,23.162008936587895,32302.5422069981,25.6762722541464,15496.819231920801,22.310271526079397,0.00808055374927142,22.3085129656595,0.00123810027571753
28,23.170198719381197,32918.2404665595,25.684462036939802,15208.8243809906,22.3184613088728,0.00843214954140205,22.316702748452897,0.00128985469111123
29,23.178388502174602,32764.8768361648,25.6926518197331,15140.2579842312,22.326651091666196,0.00725849575086777,22.3248925312462,0.00134274001126511
30,23.1865782849679,32215.2570455773,25.7008416025265,15382.5445723172,22.334840874459502,0.0060848419603334895,22.3330823140396,0.00140806015058339
31,23.194768067761302,31578.9610094854,25.7090313853198,15307.812181258401,22.3430306572529,0.0060845356339415,22.3412720968329,0.0014859968830186199
32,23.2029578505546,31032.7713740753,25.7172211681132,15328.0602706794,22.351220440046202,0.00793464907121237,22.349461879626304,0.00157248075459547
33,23.211147633348,32513.79702865,25.7254109509065,15267.4645620155,22.3594102228395,0.00882004512164951,22.3576516624196,0.0016614597054762
34,23.2193374161413,32460.6863000718,25.733600733699898,15079.185296552,22.367600005632898,0.00982717505896158,22.365841445212997,0.0017479060723875099
35,23.2275271989347,33079.0544704398,25.7417905164932,15025.6506365951,22.3757897884262,0.00941001308015827,22.374031228006302,0.00183015744519338
36,23.235716981728,32658.8902253252,25.749980299286605,15005.350147121999,22.3839795712196,0.008992851101354421,22.3822210107997,0.00190765499707157
37,23.243906764521398,32572.237488323797,25.758170082079896,15032.141564476202,22.392169354013,0.00794095377181892,22.390410793593002,0.00198384883806598
38,23.2520965473147,32454.082015491098,25.766359864873298,15292.443803798602,22.4003591368063,0.0070087370869109395,22.3986005763864,0.0020561964322996
39,23.260286330108105,32252.6454451967,25.774549647666603,15101.140560141299,22.4085489195997,0.008815681732698779,22.4067903591797,0.0021219264271192303
40,23.268476112901396,32104.9976370381,25.78273943046,14872.1124616651,22.416738702392998,0.0108428390094918,22.4149801419731,0.00218465948789184
41,23.276665895694798,31449.605720800402,25.790929213253303,14980.1185058699,22.4249284851864,0.0110771732301999,22.4231699247664,0.00225626748924679
42,23.284855678488103,30824.4431228098,25.7991189960467,15001.8334293066,22.433118267979697,0.0110919121780606,22.4313597075598,0.00234468402760802
43,23.2930454612815,32025.3173660274,25.80730877884,14993.254159431499,22.441308050773102,0.0108995905754681,22.4395494903531,0.00244031570217025
44,23.301235244074803,32347.090766455098,25.815498561633397,14960.7107167257,22.449497833566397,0.0107072689728755,22.4477392731465,0.0025407552895612
45,23.3094250268682,32483.922070195098,25.8236883444267,14969.9244276233,22.457687616359802,0.00884007528507174,22.4559290559398,0.00265479823964132
46,23.3176148096615,32293.607071836097,25.8318781272201,15411.008752613701,22.465877399153104,0.0087717920800042,22.4641188387332,0.00277938246039302
47,23.3258045924549,32002.2526199246,25.8400679100134,15377.235828916298,22.474067181946502,0.0087187593751057,22.472308621526498,0.00290749436481335
48,23.3339943752482,31808.4663306558,25.8482576928068,15353.775236470601,22.4822569647398,0.00866572667020774,22.480498404319896,0.0030354915057416803
49,23.3421841580416,32551.0516448973,25.8564474756001,14981.247567043702,22.4904467475332,0.008074529396924041,22.488688187113198,0.00316521919484188
50,23.3503739408349,32608.544191305096,25.8646372583935,14844.384543506201,22.4986365303265,0.0104153095833781,22.496877969906603,0.0033024669944380397
51,23.3585637236283,32125.9623767373,25.8728270411868,14740.0879050821,22.5068263131199,0.0102367581587543,22.5050677526999,0.0034414644099221
52,23.3667535064216,32027.5350765706,25.881016823980197,14878.5109749731,22.5150160959132,0.0100582067341311,22.513257535493302,0.00357234777039965
53,23.374943289215,31940.2310605354,25.8892066067735,14981.6385056747,22.5232058787066,0.009278898683746071,22.5214473182866,0.0036920337844988
54,23.3831330720083,31564.892008467003,25.897396389566897,14972.0471404955,22.5313956614999,0.0112584392201503,22.52963710108,0.0038070129884200297
55,23.391322854801697,32202.0689035219,25.905586172360202,14867.1608512263,22.539585444293298,0.0109876672743098,22.5378268838733,0.0039391468542001205
56,23.399512637595,32564.4079371924,25.913775955153604,14932.318437994,22.5477752270866,0.0107168953284693,22.5460166666667,0.0040911613659281795
57,23.407702420388397,32477.9075145073,25.921965737946895,14840.353485992,22.555965009879998,0.00860770156671909,22.55420644946,0.0042468897457772
58,23.415892203181702,32344.5377943721,25.9301555207403,14790.1319434784,22.564154792673303,0.00940310709675889,22.5623962322534,0.00440598126747621
59,23.424081985975103,32225.083294688102,25.938345303533602,14689.424461981102,22.5723445754667,0.0105896437339364,22.5705860150467,0.0045659362032312
60,23.432271768768395,32034.8206878567,25.946535086327,14701.4423428394,22.580534358260003,0.0111621594337843,22.5787757978401,0.00472108422580175
61,23.4404615515618,31806.5880135901,25.9547248691203,14870.3788745784,22.5887241410534,0.0117346751336327,22.586965580633397,0.004872592307783179
62,23.4486513343551,31516.2086162644,25.9629146519137,14905.809650173,22.5969139238467,0.014388619260368999,22.595155363426798,0.00503130942404103
63,23.4568411171485,31963.5743794385,25.971104434706998,14860.0693190735,22.6051037066401,0.0147520435653209,22.603345146220104,0.00520604020825745
64,23.4650308999418,31939.390142009703,25.9792942175004,14777.0558922877,22.6132934894334,0.0149090484764072,22.6115349290135,0.00538903241308365
65,23.4732206827352,31954.1624359599,25.987484000293698,14840.4162896071,22.6214832722268,0.0150732808474441,22.619724711806803,0.00557166272241568
66,23.481410465528498,32092.891422316003,25.995673783087103,14758.221191576398,22.629673055020103,0.0152375132184805,22.6279144946002,0.00575892472626779
67,23.4896002483219,31837.242390140498,26.003863565880398,14746.5312036217,22.6378628378135,0.0176741246105542,22.6361042773935,0.005957968971583029
68,23.497790031115198,31410.5976720687,26.012053348673803,14853.634682312,22.6460526206068,0.0179488930021039,22.644294060186898,0.00616811123955448
69,23.5059798139086,32467.509766276802,26.020243131467097,14817.6045567838,22.654242403400197,0.0177333767507677,22.6524838429802,0.00638415636455544
70,23.514169596701898,33325.0920970555,26.028432914260502,14648.913273696298,22.6624321861935,0.0175178604994309,22.6606736257736,0.00660390929828071
71,23.522359379495303,33260.8148231925,26.0366226970538,14750.8800562299,22.670621968986897,0.0180395258505968,22.6688634085669,0.00683513346174796
72,23.530549162288604,32999.6882639846,26.0448124798472,14740.143298891899,22.6788117517802,0.0189653071086947,22.6770531913603,0.00707381764900807
73,23.538738945082002,32735.2265985671,26.0530022626405,14703.1253894598,22.687001534573604,0.0190542989853096,22.6852429741536,0.007307321069961041
74,23.5469287278753,31937.8789131763,26.0611920454339,14757.283254305901,22.695191317366902,0.0190125551041469,22.693432756946997,0.00754507536161758
75,23.5551185106687,31832.8233772576,26.0693818282272,14844.964248934299,22.703381100160303,0.0189708112229837,22.7016225397403,0.00779377940232552
76,23.563308293462,31737.1621538485,26.077571611020602,14737.307858088601,22.711570882953602,0.018798331584044,22.709812322533697,0.00804877064122116
77,23.5714980762554,31363.9569412196,26.085761393813897,14711.7305377245,22.719760665747,0.0195845333358507,22.718002105327,0.00831107916466692
78,23.5796878590487,31271.6314243427,26.0939511766073,14816.3788692511,22.7279504485403,0.0219136781140558,22.726191888120397,0.008576019357810029
79,23.587877641842102,31144.8411338754,26.1021409594006,14721.341292751698,22.7361402313337,0.0215585442055821,22.734381670913702,0.00884137794561822
80,23.5960674246354,30659.9455317635,26.110330742193998,14754.6640181654,22.744330014127,0.0212034102971089,22.742571453707104,0.00911479175460469
81,23.604257207428798,32057.9982623861,26.118520524987304,14778.480692649198,22.7525197969204,0.0204165242112422,22.750761236500395,0.00939795766805372
82,23.6124469902222,32025.1708675261,26.1267103077807,14749.38742138,22.760709579713698,0.0233992139966066,22.7589510192938,0.009678184193134579
83,23.620636773015498,32019.802365605,26.134900090574103,14761.340201654199,22.7688993625071,0.0234275531472698,22.767140802087102,0.00995065506578606
84,23.628826555808896,31898.786812438902,26.1430898733674,14732.913777023701,22.777089145300398,0.023356945979383002,22.7753305848805,0.0102277463800379
85,23.637016338602198,31563.1857244497,26.151279656160696,14800.0603877962,22.7852789280938,0.0232863388114962,22.783520367673802,0.010515455824943001
86,23.645206121395503,32618.623946605,26.1594694389541,14782.0369659272,22.793468710887105,0.0232176293627888,22.7917101504672,0.0108112443015216
87,23.6533959041889,32751.8346086223,26.1676592217474,14735.408525001001,22.801658493680502,0.0263288636956997,22.799899933260498,0.0111147375387718
88,23.661585686982303,32472.3964192078,26.1758490045408,14822.640615266699,22.809848276473797,0.0278016703144044,22.8080897160539,0.0114248238361389
89,23.6697754697756,32018.9934876922,26.1840387873342,14775.6108692395,22.818038059267202,0.0283129733596751,22.816279498847198,0.0117399240725586
90,23.677965252569,31282.417207363902,26.1922285701275,14732.0223129007,22.8262278420605,0.0284083400881301,22.8244692816406,0.0120576829092214
91,23.6861550353623,33789.9518722513,26.2004183529209,14739.4476058701,22.8344176248539,0.0285037068165846,22.832659064433898,0.0123742435831996
92,23.6943448181557,54120.530740643204,26.208608135714197,14853.497574538402,22.8426074076472,0.0294124878971451,22.840848847227303,0.0126910650099719
93,23.702534600949,41100.199030489304,26.2167979185076,14934.178382305101,22.850797190440602,0.0288011154191721,22.849038630020598,0.0130064777059102
94,23.7107243837424,33070.3684336004,26.224987701300897,14996.3565296853,22.8589869732339,0.0281897429411992,22.857228412814003,0.013316691436997
95,23.718914166535697,31211.3195586698,26.233177484094302,14902.7725030854,22.867176756027302,0.0280548116217668,22.8654181956073,0.0136294557749955
96,23.7271039493291,31075.9004249856,26.241367266887604,14789.1229011945,22.8753665388206,0.0296672217288869,22.8736079784007,0.0139521040207476
97,23.735293732122397,32387.0134203971,26.249557049681002,14736.5841388676,22.883556321613998,0.030807591971148997,22.881797761194,0.0142905159385321
98,23.7434835149158,35191.8033664662,26.2577468324743,14693.588213629298,22.8917461044073,0.0315140920770731,22.8899875439874,0.0146374264687857
99,23.751673297709104,35450.372262555094,26.2659366152677,14779.002313500301,22.899935887200698,0.0316809100394939,22.8981773267807,0.0149795651719362
100,23.7598630805025,35863.7279018727,26.274126398061,14812.8576779255,22.908125669994,0.0318477280019141,22.906367109574102,0.0153262641512756
101,23.768052863295804,36299.2338852515,26.282316180854398,14775.2071497307,22.916315452787398,0.0335749738128221,22.914556892367397,0.0156810124598853
102,23.7762426460892,35270.607002758,26.2905059636477,14744.603709811001,22.924505235580696,0.0347765777893648,22.9227466751608,0.0160316786895126
103,23.7844324288825,36695.9057093234,26.2986957464411,14694.9902906091,22.9326950183741,0.0347825626321008,22.9309364579541,0.0163757268219718
104,23.792622211675898,36435.5571858368,26.3068855292344,14804.7060560974,22.940884801167396,0.0356290968613845,22.9391262407475,0.0167221501378925
105,23.8008119944692,35906.1809202238,26.3150753120278,14772.3191892495,22.9490745839608,0.0364756310906682,22.9473160235408,0.0170770791624316
106,23.8090017772626,34565.338777181605,26.3232650948211,14722.0469989958,22.957264366754103,0.0380267708158877,22.9555058063342,0.0174361640872157
107,23.8171915600559,32967.1081348517,26.331454877614497,14738.853986280801,22.9654541495475,0.0382260486633231,22.963695589127497,0.0177912956944277
108,23.8253813428493,31778.5913055156,26.3396446604078,14761.8553762076,22.973643932340803,0.0382414535361754,22.9718853719209,0.0181445727412391
109,23.8335711256426,31911.6415498624,26.347834443201197,14744.515232818001,22.9818337151342,0.0381649219217356,22.980075154714196,0.0185052759133034
110,23.841760908435997,33109.4945714697,26.356024225994503,14805.6660936546,22.9900234979275,0.038088390307297,22.9882649375076,0.0188698788008369
111,23.8499506912293,39194.614753943904,26.3642140087879,14776.514138556999,22.998213280720897,0.039054645292204,22.9964547203009,0.0192320823160901
112,23.858140474022697,38986.889040970695,26.372403791581203,14765.993800531201,23.0064030635142,0.0400432726503946,23.0046445030943,0.0195996917280178
113,23.866330256816,38113.0854710552,26.3805935743746,14732.0581820606,23.0145928463076,0.0410203979045575,23.012834285887603,0.0199792487912608
114,23.8745200396094,36708.3122103908,26.3887833571679,14727.597123998501,23.0227826291009,0.0426843730403384,23.021024068681,0.0203650306951018
115,23.882709822402703,34901.9300389563,26.3969731399613,14747.8751708101,23.030972411894304,0.0429180107645978,23.0292138514743,0.0207561014087965
116,23.8908996051961,36161.3804716148,26.405162922754602,14790.3910517918,23.0391621946876,0.0431516484888573,23.037403634267697,0.0211551690010831
117,23.899089387989395,38435.7157227831,26.413352705548,14818.7142095324,23.047351977480997,0.0439813192116891,23.045593417061,0.021553926472478998
118,23.9072791707828,40661.2251582728,26.421542488341302,14807.0511084142,23.055541760274302,0.0453657210444184,23.053783199854397,0.0219447122484212
119,23.915468953576102,42122.285839360804,26.4297322711347,14772.094412081698,23.0637315430677,0.0459566146195697,23.0619729826477,0.0223323222701869
120,23.9236587363695,36271.8307091389,26.437922053928,14815.069598698401,23.071921325861002,0.0465475081947216,23.070162765441104,0.0227239639781157
121,23.931848519162802,33958.653436428904,26.446111836721396,14840.3028889227,23.0801111086544,0.0466235091410248,23.078352548234403,0.0231176324657482
122,23.9400383019562,33372.9162918829,26.4543016195147,14811.1264632063,23.0883008914477,0.0466995100873275,23.0865423310278,0.0235078563946404
123,23.9482280847495,32796.5628510607,26.462491402308103,14833.303446064,23.0964906742411,0.0471267359595403,23.094732113821102,0.0238950163981118
124,23.956417867542896,31816.909746214198,26.470681185101398,14841.348359265301,23.104680457034398,0.0486604764970584,23.1029218966145,0.0242822264154601
125,23.964607650336198,31640.0087068696,26.478870967894803,14815.6788046497,23.1128702398278,0.0496835626637406,23.111111679407802,0.0246721815006595
126,23.972797433129603,33086.0705988523,26.4870607506881,14796.3576530371,23.1210600226211,0.05285901062088099,23.1193014622012,0.0250651199058587
127,23.980987215922898,33803.4980049361,26.4952505334815,14833.201828026899,23.1292498054145,0.0537777701708888,23.127491244994502,0.0254467037267177
128,23.989176998716303,34439.976811422996,26.5034403162748,14814.784203789099,23.1374395882078,0.0538132939803535,23.1356810277879,0.0258148067602448
129,23.9973667815096,35141.2697296729,26.5116300990682,14794.166511206698,23.1456293710012,0.0534137490488353,23.1438708105812,0.0261911676052067
130,24.005556564303003,34217.5394329337,26.5198198818615,15126.3988389824,23.153819153794498,0.053014204117316,23.1520605933746,0.026579353916307998
131,24.0137463470963,32870.7823780066,26.5280096646549,15162.3461957121,23.162008936587895,0.0537949013609544,23.160250376167898,0.026968220209714
132,24.0219361298897,33151.6325745154,26.5361994474482,15242.749622503401,23.170198719381197,0.0543558136139695,23.1684401589613,0.0273581819497482
133,24.030125912683,34012.3606830843,26.544389230241602,15161.6085123176,23.178388502174602,0.0567489323245879,23.176629941754605,0.0277500868673872
134,24.0383156954764,34059.0406455335,26.552579013034897,14974.7106921549,23.1865782849679,0.0571948997504229,23.184819724548003,0.0281369536193365
135,24.0465054782697,34898.779621557005,26.5607687958283,14911.021210891398,23.194768067761302,0.0573713137901143,23.193009507341298,0.0285197386490186
136,24.054695261063102,35276.8766202756,26.5689585786216,14894.917059211999,23.2029578505546,0.0575477278298064,23.201199290134696,0.0288994933147265
137,24.062885043856397,35284.855831475,26.577148361415,14913.972615658,23.211147633348,0.0606915654595524,23.209389072928,0.0292661634255023
138,24.0710748266498,34744.8620228976,26.585338144208304,14923.983829621699,23.2193374161413,0.0613307333910796,23.2175788557214,0.0296122477383361
139,24.0792646094431,35034.925599681,26.593527927001702,15010.697496846298,23.2275271989347,0.0623517930477979,23.2257686385147,0.0299448035464662
140,24.0874543922365,34810.023374225,26.601717709794997,14961.5590915615,23.235716981728,0.0623420472301334,23.233958421308103,0.0302731113970193
141,24.095644175029804,35311.932127744905,26.609907492588395,14923.1450702494,23.243906764521398,0.062332301412469,23.2421482041014,0.0305970197183553
142,24.103833957823202,34424.2695397027,26.6180972753817,14969.720064246001,23.2520965473147,0.0629105330893305,23.250337986894802,0.030924713828404
143,24.112023740616497,35200.1707765881,26.6262870581751,15039.168395217099,23.260286330108105,0.0632898338299864,23.2585277696881,0.0312575827076891
144,24.1202135234099,35685.578070334,26.6344768409684,14998.119574666001,23.268476112901396,0.0634206945697527,23.2667175524815,0.0315806010624973
145,24.1284033062032,36187.5269198506,26.6426666237618,15165.263931187099,23.276665895694798,0.06336002124952901,23.2749073352748,0.0318931441985432
146,24.1365930889966,35219.3354100667,26.6508564065551,15290.8375520159,23.284855678488103,0.0632993479293048,23.2830971180682,0.0321977344317891
147,24.1447828717899,34909.6449260315,26.6590461893485,15263.3422617438,23.2930454612815,0.0649065217428341,23.2912869008615,0.0324959767546656
148,24.1529726545833,35248.0841146117,26.6672359721418,15028.387005391001,23.301235244074803,0.065619032428228,23.2994766836549,0.0327941871102043
149,24.1611624373766,34532.998965402,26.675425754935198,15043.862089834,23.3094250268682,0.0659167887129043,23.307666466448197,0.0330915077937921
150,24.16935222017,34524.652844319906,26.6836155377285,15161.5731636579,23.3176148096615,0.0662145449975805,23.3158562492416,0.0333817056801135
151,24.1775420029633,33875.1308437179,26.691805320521897,15157.1139188096,23.3258045924549,0.0662500217849704,23.324046032034897,0.0336588535550671
152,24.185731785756698,34072.1976488292,26.6999951033152,15228.1120793551,23.3339943752482,0.0664836021700441,23.3322358148283,0.0339231605255806
153,24.19392156855,34499.554383701296,26.708184886108604,15469.2357655568,23.3421841580416,0.0691727027994827,23.340425597621604,0.034179122709089
154,24.202111351343397,35717.8451490811,26.716374668901896,15186.0175724594,23.3503739408349,0.0700710375990049,23.348615380415,0.0344212603514546
155,24.2103011341367,35248.316912237206,26.7245644516953,15165.4672695092,23.3585637236283,0.0704915169016613,23.3568051632083,0.0346456049175972
156,24.218490916930104,35571.8122759167,26.732754234488603,15193.6589264526,23.3667535064216,0.070440578144377,23.3649949460017,0.0348644545853292
157,24.226680699723396,34195.2540522537,26.740944017282,15221.3777616522,23.374943289215,0.0703896393870934,23.373184728795,0.0350817535017707
158,24.2348704825168,35565.4068528639,26.749133800075303,15193.702990771899,23.3831330720083,0.0699391535550561,23.381374511588398,0.0352876217423584
159,24.243060265310103,37396.882792283395,26.7573235828687,15182.542988521102,23.391322854801697,0.0714653814019961,23.3895642943817,0.035476788991416
160,24.2512500481035,39948.4188969675,26.765513365662,15284.069457110501,23.399512637595,0.0724642277513881,23.3977540771751,0.0356562991771198
161,24.259439830896802,40819.1966016987,26.7737031484554,15436.646472876399,23.407702420388397,0.0725424307375754,23.4059438599684,0.0358323389434068
162,24.2676296136902,39319.5664388151,26.7818929312487,15725.993490502,23.415892203181702,0.0724721933497061,23.414133642761804,0.0360002933903475
163,24.2758193964835,36921.2181210772,26.7900827140421,15494.0177510549,23.424081985975103,0.0724019559618369,23.4223234255551,0.0361539924688478
164,24.2840091792769,37758.967089763304,26.7982724968354,15459.1944694242,23.432271768768395,0.0718124786999897,23.430513208348497,0.0362955110684559
165,24.2921989620702,36553.2563049535,26.8064622796288,15402.5948892493,23.4404615515618,0.0719125640935798,23.438702991141803,0.0364321010111408
166,,,26.814652062422105,15463.509345077,23.4486513343551,0.0724467851957046,23.4468927739352,0.0365674512329031
167,,,26.822841845215503,15548.494459458001,23.4568411171485,0.0724719070841378,23.455082556728502,0.0366926790869865
168,,,26.831031628008798,15610.996144680501,23.4650308999418,0.0717939603360811,23.4632723395219,0.0367984622310866
169,,,26.839221410802196,15649.7801964531,23.4732206827352,0.0711160135880233,23.4714621223153,0.0368881183749338
170,,,26.8474111935955,15543.331942432,23.481410465528498,0.0725651519149674,23.4796519051086,0.0369636840831385
171,,,26.8556009763889,15505.3825083942,23.4896002483219,0.0728472369909969,23.487841687902,0.0370264367033351
172,,,26.8637907591822,15631.125636525401,23.497790031115198,0.0731293220670269,23.4960314706953,0.0370736875805767
173,,,26.871980541975603,15649.0187610603,23.5059798139086,0.0749709448486474,23.504221253488698,0.0371072357446859
174,,,26.880170324768898,15666.017089306,23.514169596701898,0.0763834881044471,23.512411036282,0.0371366358568784
175,,,26.8883601075623,15783.6278662337,23.522359379495303,0.076106481676649,23.520600819075398,0.0371628478469394
176,,,26.8965498903556,15719.5821806802,23.530549162288604,0.0758294752488509,23.5287906018687,0.0371815192332816
177,,,26.904739673149,15693.359664355301,23.538738945082002,0.0750564254953029,23.536980384662105,0.0371905610252034
178,,,26.9129294559423,15769.1400542184,23.5469287278753,0.0745826323637626,23.545170167455396,0.0371922984783431
179,,,26.9211192387357,15948.8494458845,23.5551185106687,0.0743530467879575,23.5533599502488,0.0371802369298931
180,,,26.929309021529,16202.567913936799,23.563308293462,0.0741234612121524,23.561549733042103,0.037155045396033
181,,,26.9374988043224,15848.420757401202,23.5714980762554,0.0730728967871562,23.5697395158355,0.037128034343675
182,,,26.945688587115697,15983.025852699298,23.5796878590487,0.072816921687325,23.577929298628803,0.037088763825747
183,,,26.953878369909102,15872.4856715778,23.587877641842102,0.0725609465874937,23.5861190814222,0.0370245616350219
184,,,26.962068152702397,15797.2334682131,23.5960674246354,0.0713594447818791,23.5943088642155,0.0369469491944396
185,,,26.970257935495802,16194.1810362682,23.604257207428798,0.0722890459929413,23.6024986470089,0.0368672443801371
186,,,26.978447718289104,16188.4073881999,23.6124469902222,0.07246592247788002,23.6106884298022,0.0367745996600987
187,,,26.9866375010825,16052.812066824099,23.620636773015498,0.0725050556968571,23.6188782125956,0.0366673983834732
188,,,26.9948272838758,16119.127004889198,23.628826555808896,0.0724753172828527,23.6270679953889,0.0365525516547575
189,,,27.003017066669198,16156.1232543766,23.637016338602198,0.0724455788688489,23.6352577781823,0.0364241176013853
190,,,27.0112068494625,16403.419315363797,23.645206121395503,0.0737030519125427,23.6434475609756,0.0362774262171161
191,,,27.019396632255898,16679.633055649298,23.6533959041889,0.0728290749803346,23.651637343769004,0.0361164199461461
192,,,27.0275864150492,16945.1312021926,23.661585686982303,0.0719550980481271,23.6598271265623,0.0359525225711575
193,,,27.0357761978426,17178.516281204098,23.6697754697756,0.0701044608059588,23.668016909355696,0.0357862034507653
194,,,27.0439659806359,16762.102614511597,23.677965252569,0.0702473511107529,23.676206692149,0.0356036913414637
195,,,27.052155763429298,16414.2365556163,23.6861550353623,0.0731613590300916,23.6843964749424,0.0353982241673614
196,,,27.0603455462226,16539.605487702,23.6943448181557,0.0723968593209549,23.6925862577357,0.0351777678003513
197,,,27.068535329015997,16607.3864892333,23.702534600949,0.0716323596118181,23.700776040529103,0.0349501137176324
198,,,27.076725111809303,18968.1650634082,23.7107243837424,0.0696642793287361,23.708965823322398,0.034720986744611
199,,,27.0849148946027,24910.4471691481,23.718914166535697,0.0671588436219502,23.7171556061158,0.0344939836158916
200,,,27.093104677396003,35414.278157632405,23.7271039493291,0.0667216565511854,23.7253453889091,0.0342661247404312
201,,,27.1012944601894,24028.9293885708,23.735293732122397,0.0678989898019354,23.7335351717025,0.0340267377115683
202,,,27.1094842429827,17136.9136158361,23.7434835149158,0.0685938409784916,23.7417249544958,0.033766006777088
203,,,27.1176740257761,16691.8988114376,23.751673297709104,0.0686372202481034,23.7499147372892,0.0334946087003858
204,,,27.1258638085694,16634.7447959222,23.7598630805025,0.0685314801699766,23.7581045200825,0.0332247302984925
205,,,27.1340535913628,17016.0764975798,23.768052863295804,0.0684257400918503,23.7662943028759,0.0329542019431952
206,,,27.142243374156102,16982.0168374173,23.7762426460892,0.0678610912808664,23.774484085669197,0.0326706332276327
207,,,27.1504331569495,16779.5429165993,23.7844324288825,0.0692979497744742,23.782673868462602,0.0323702380019988
208,,,27.1586229397428,16832.054742918997,23.792622211675898,0.0695519353734251,23.790863651255897,0.0320686208808056
209,,,27.1668127225362,16686.4440995218,23.8008119944692,0.0669770226896085,23.799053434049302,0.0317692691544072
210,,,27.1750025053295,16853.0212465421,23.8090017772626,0.0644021100057919,23.807243216842604,0.0314685869595501
211,,,27.183192288122896,17149.761738209,23.8171915600559,0.0620077366771191,23.815432999636002,0.0311649142292667
212,,,27.191382070916198,17498.4398230575,23.8253813428493,0.060227683028745996,23.8236227824293,0.0308456737018748
213,,,27.199571853709603,17419.4766129659,23.8335711256426,0.0597960982454353,23.831812565222698,0.0305054695645837
214,,,27.2077616365029,17472.4721864171,23.841760908435997,0.0604134535627753,23.840002348016,0.0301525320712127
215,,,27.215951419296303,17526.2655934137,23.8499506912293,0.0603939438003347,23.848192130809398,0.0297898382429227
216,,,27.2241412020896,17615.082781190802,23.858140474022697,0.06037443403789299,23.8563819136027,0.0294313254014551
217,,,,,23.866330256816,0.058520345820994,23.8645716963961,0.0291002947656364
218,,,,,23.8745200396094,0.0569694973760768,23.8727614791894,0.0287800373381648
219,,,,,23.882709822402703,0.0578835511228591,23.880951261982798,0.0284420169093449
220,,,,,23.8908996051961,0.0588428724848935,23.8891410447761,0.0280992416761077
221,,,,,23.899089387989395,0.0591520288669532,23.897330827569498,0.027762170649669998
222,,,,,23.9072791707828,0.0594611852490129,23.905520610362803,0.0274214299542475
223,,,,,23.915468953576102,0.0600031377221251,23.9137103931562,0.0270801871344387
224,,,,,23.9236587363695,0.0564079105546365,23.921900175949503,0.0267349415930053
225,,,,,23.931848519162802,0.0528126833871484,23.9300899587429,0.0263722146157415
226,,,,,23.9400383019562,0.0515505765756638,23.9382797415362,0.0259938427337634
227,,,,,23.9482280847495,0.0497511959508074,23.9464695243296,0.0256131600794512
228,,,,,23.956417867542896,0.0487938778550745,23.9546593071229,0.0252387001075385
229,,,,,23.964607650336198,0.0472846316605931,23.9628490899163,0.0248721895306599
230,,,,,23.972797433129603,0.0474963540694811,23.971038872709602,0.0245184615999336
231,,,,,23.980987215922898,0.0472310248902712,23.979228655503,0.0241768512907319
232,,,,,23.989176998716303,0.0469656957110613,23.9874184382963,0.0238307302501473
233,,,,,23.9973667815096,0.0469623827943099,23.995608221089697,0.0234761159727142
234,,,,,24.005556564303003,0.0469590698775591,24.003798003883,0.0231270054946172
235,,,,,24.0137463470963,0.0454559050023298,24.011987786676396,0.0227816044280505
236,,,,,24.0219361298897,0.0448552426590032,24.0201775694697,0.0224332487381006
237,,,,,24.030125912683,0.044254580315675994,24.028367352263103,0.0220842278915685
238,,,,,24.0383156954764,0.0430164077786515,24.036557135056402,0.0217296285907836
239,,,,,24.0465054782697,0.0427453106412923,24.044746917849803,0.0213688885573922
240,,,,,24.054695261063102,0.0424742135039326,24.0529367006431,0.0210119951519177
241,,,,,24.062885043856397,0.0416407147203686,24.0611264834365,0.0206679614101467
242,,,,,24.0710748266498,0.0404299425745137,24.0693162662298,0.0203342912397211
243,,,,,24.0792646094431,0.0396481698204406,24.0775060490232,0.0200027434658018
244,,,,,24.0874543922365,0.0388663970663681,24.0856958318165,0.0196730720949618
245,,,,,24.095644175029804,0.0372582957478132,24.0938856146099,0.0193438434838847
246,,,,,24.103833957823202,0.0374443416165727,24.102075397403198,0.0190150078829344
247,,,,,24.112023740616497,0.0375190733277651,24.1102651801966,0.0186923162224172
248,,,,,24.1202135234099,0.0369267576328562,24.118454962989897,0.0183743627464014
249,,,,,24.1284033062032,0.0363344419379468,24.1266447457833,0.0180593364491005
250,,,,,24.1365930889966,0.0344472480112024,24.134834528576604,0.0177546920285532
251,,,,,24.1447828717899,0.0340044625549829,24.143024311370002,0.0174620724898219
252,,,,,24.1529726545833,0.0335616770987634,24.151214094163297,0.0171676780126766
253,,,,,24.1611624373766,0.0326287862808492,24.159403876956702,0.016874211670158998
254,,,,,24.16935222017,0.0316945638427924,24.16759365975,0.0165909449180932
255,,,,,24.1775420029633,0.0311942391133555,24.1757834425434,0.0163127161120861
256,,,,,24.185731785756698,0.0309954847393433,24.1839732253367,0.0160379645829082
257,,,,,24.19392156855,0.0306514022430356,24.192163008130102,0.0157645286585161
258,,,,,24.202111351343397,0.030541220669192,24.2003527909234,0.015500301263008002
259,,,,,24.2103011341367,0.0305156943939399,24.2085425737168,0.0152586797669779
260,,,,,24.218490916930104,0.0304901681186885,24.2167323565101,0.0150307937208723
261,,,,,24.226680699723396,0.0297500094492939,24.224922139303498,0.0147987524999079
262,,,,,24.2348704825168,0.0294344058274101,24.2331119220968,0.014561558486132
263,,,,,24.243060265310103,0.0303378903134243,24.241301704890198,0.0143259244567975
264,,,,,24.2512500481035,0.0306100422330699,24.2494914876835,0.0140971086842688
265,,,,,24.259439830896802,0.0301253161428384,24.257681270476898,0.0138759284626594
266,,,,,24.2676296136902,0.029640590052607003,24.265871053270196,0.01365266995794
267,,,,,24.2758193964835,0.0287591200806593,24.2740608360636,0.013427092937826998
268,,,,,24.2840091792769,0.0284798177833208,24.282250618856896,0.0132102889573658
269,,,,,24.2921989620702,0.0273317524190656,24.2904404016503,0.0130048401082535
270,,,,,24.3003887448636,0.0258798380835794,24.298630184443603,0.0128090921411385
271,,,,,24.3085785276569,0.0245197145302149,24.306819967237,0.0126264528737263
272,,,,,24.3167683104503,0.0237967885414627,24.315009750030303,0.0124582386246587
273,,,,,24.324958093243605,0.0234768960765238,24.3231995328237,0.0122992757852383
274,,,,,24.333147876037003,0.0239158390431022,24.331389315617,0.0121402599192153
275,,,,,24.341337658830298,0.023877760520967004,24.339579098410397,0.0119774194462103
276,,,,,24.349527441623696,0.0238396819988313,24.3477688812037,0.011812786521398002
277,,,,,24.357717224417,0.0235760727820508,24.3559586639971,0.0116452726088338
278,,,,,24.3659070072104,0.0233035448684158,24.3641484467904,0.0114799737126065
279,,,,,24.3740967900037,0.0229999375793163,24.372338229583804,0.0113225091287861
280,,,,,24.382286572797103,0.0226963302902163,24.3805280123771,0.0111688221943192
281,,,,,24.3904763555904,0.0223234309794381,24.388717795170496,0.0110216758602913
282,,,,,24.3986661383838,0.0225750467282168,24.396907577963802,0.010877393001857
283,,,,,24.4068559211771,0.0225030690090607,24.4050973607572,0.0107268930036952
284,,,,,24.4150457039705,0.0224310912899046,24.4132871435505,0.0105836870467876
285,,,,,24.4232354867638,0.0219289540017351,24.4214769263439,0.0104540100757468
286,,,,,24.4314252695572,0.021426816713564997,24.4296667091372,0.0103283171494003
287,,,,,24.4396150523505,0.0201904312935347,24.4378564919306,0.0102032729985028
288,,,,,24.4478048351439,0.0187209493221026,24.446046274723898,0.010078807820459
289,,,,,24.455994617937197,0.0190888910614786,24.4542360575173,0.009964452885820079
290,,,,,24.464184400730602,0.0201283043915039,24.4624258403106,0.00987439556757116
291,,,,,24.472374183523897,0.0199642863895909,24.470615623104,0.00980532917712515
292,,,,,24.480563966317302,0.0198002683876772,24.4788054058973,0.00974777394996742
293,,,,,24.488753749110604,0.0194516192768333,24.4869951886907,0.00969853451011305
294,,,,,24.496943531904,0.0194057368764358,24.495184971483997,0.00964969698630903
295,,,,,24.5051333146973,0.0190741492683287,24.503374754277395,0.00959722586892812
296,,,,,24.513323097490698,0.0190564073467129,24.511564537070697,0.00954554784668808
297,,,,,24.521512880284,0.0190701826522851,24.519754319864102,0.00949262809552414
298,,,,,24.529702663077398,0.0190466618991161,24.5279441026574,0.00943824678396431
299,,,,,24.5378924458707,0.019023141145946998,24.536133885450802,0.0093827858506765
300,,,,,24.5460822286641,0.018982071921432,24.5443236682441,0.00933001751957538
301,,,,,24.5542720114574,0.0181808757719769,24.552513451037502,0.009281482944574409
302,,,,,24.562461794250805,0.0173796796225223,24.5607032338308,0.00923256828644153
303,,,,,24.5706515770441,0.0173795263407592,24.568893016624198,0.00918244539182299
304,,,,,24.578841359837497,0.0173793730589961,24.5770827994175,0.00914164044709668
305,,,,,24.587031142630803,0.0171877549361862,24.585272582210898,0.0091144758772295
306,,,,,24.5952209254242,0.0165057137618998,24.5934623650042,0.009089317147626291
307,,,,,24.603410708217503,0.0170543630596452,24.601652147797605,0.00906384210558725
308,,,,,24.6116004910109,0.0172102327492666,24.609841930590896,0.00904098712498618
309,,,,,24.6197902738042,0.0173661024388881,24.618031713384298,0.00902600970672377
310,,,,,24.6279800565976,0.0176583676746199,24.626221496177603,0.009016099880702679
311,,,,,24.6361698393909,0.0173635598353503,24.634411278971,0.00900947343257561
312,,,,,24.6443596221843,0.0170687519960808,24.642601061764303,0.00900747241651985
313,,,,,24.652549404977602,0.0170615640230812,24.6507908445577,0.00901379630072145
314,,,,,24.660739187771,0.0170152995328757,24.658980627351,0.0090258022325813
315,,,,,24.6689289705643,0.0169690350426707,24.6671704101444,0.00903805156756876
316,,,,,24.6771187533577,0.0171646645200666,24.6753601929378,0.0090508631016879
317,,,,,24.685308536151,0.0171895315886433,24.6835499757311,0.00906428153592327
318,,,,,24.693498318944396,0.0170842661352813,24.6917397585244,0.00908029664904684
319,,,,,24.701688101737698,0.0169790006819198,24.6999295413178,0.00910144738763604
320,,,,,24.709877884531103,0.0167436027066206,24.7081193241111,0.0091307213222048
321,,,,,24.7180676673244,0.0196656380972098,24.7163091069045,0.00916791674115723
322,,,,,24.726257450117803,0.0195531888266441,24.7244988896978,0.0092116380000627
323,,,,,24.7344472329111,0.0194407395560785,24.732688672491197,0.009266079521946479
324,,,,,24.7426370157045,0.0186963323702682,24.7408784552846,0.00932520625953772
325,,,,,24.7508267984978,0.0166580676756855,24.749068238077896,0.00938465385363834
326,,,,,24.7590165812912,0.0161795912790813,24.7572580208713,0.0094533855912216
327,,,,,24.7672063640845,0.0165226207204917,24.765447803664603,0.00953352449892619
328,,,,,24.7753961468779,0.0165764218299455,24.773637586458,0.00961403584206345
329,,,,,24.783585929671197,0.0185606555483701,24.7818273692513,0.00969265547028181
330,,,,,24.7917757124646,0.0199138834768695,24.7900171520447,0.00977585180615216
331,,,,,24.799965495257897,0.0212671114053689,24.798206934838,0.009866293410324209
332,,,,,24.8081552780513,0.0213291012688534,24.806396717631397,0.009971355247335629
333,,,,,24.816345060844604,0.0197794433275783,24.8145865004247,0.0100922406820968
334,,,,,24.824534843638002,0.0182297853863038,24.8227762832181,0.0102288924068791
335,,,,,24.832724626431304,0.0171397175388686,24.8309660660114,0.0103778884224144
336,,,,,24.840914409224702,0.0190986146940047,24.839155848804804,0.0105235593704076
337,,,,,24.849104192018,0.0190850941262342,24.8473456315981,0.0106653066292956
338,,,,,24.857293974811398,0.0190715735584643,24.855535414391497,0.0108170056869427
339,,,,,24.8654837576047,0.0189319151719638,24.863725197184802,0.0109746733496567
340,,,,,24.8736735403981,0.0191141639171163,24.8719149799782,0.0111277587286326
341,,,,,24.8818633231914,0.0191339824637476,24.880104762771502,0.0112809696859142
342,,,,,24.8900531059848,0.0189895776077531,24.8882945455649,0.0114516013324679
343,,,,,24.8982428887782,0.0188451727517587,24.8964843283582,0.0116416373229491
344,,,,,24.906432671571498,0.0185191203903195,24.9046741111516,0.0118336658729671
345,,,,,24.9146224543648,0.0203065460269083,24.9128638939449,0.0120239180392041
346,,,,,24.922812237158197,0.0240533785642401,24.9210536767383,0.0122213513802209
347,,,,,24.931002019951602,0.0234589858130982,24.9292434595316,0.0124322371483279
348,,,,,24.939191802744897,0.0228645930619552,24.937433242325,0.0126527278517052
349,,,,,24.947381585538302,0.0203410550268559,24.945623025118298,0.0128745983900465
350,,,,,24.9555713683316,0.0206357920779318,24.953812807911703,0.0131047331738093
351,,,,,24.963761151125002,0.0206402842328077,24.962002590704998,0.0133543656246554
352,,,,,24.9719509339183,0.0206447763876829,24.970192373498396,0.0136260023879804
353,,,,,24.9801407167117,0.0218409357989477,24.978382156291698,0.0139200560133402
354,,,,,24.988330499505,0.0218848480633566,24.986571939085103,0.0142281221674238
355,,,,,24.9965202822984,0.0218163754862564,24.9947617218784,0.0145326986341494
356,,,,,25.0047100650917,0.0217479029091563,25.002951504671802,0.014832298323507
357,,,,,25.0128998478851,0.0215670454905466,25.0111412874651,0.0151502136820486
358,,,,,25.021089630678397,0.0227682306691926,25.0193310702585,0.0155001213954307
359,,,,,25.029279413471798,0.0238894520401273,25.0275208530518,0.0158734054039726
360,,,,,25.0374691962651,0.0263706766516077,25.0357106358452,0.0162601837491977
361,,,,,25.045658979058498,0.0268106927264819,25.0439004186385,0.0166507941587352
362,,,,,25.053848761851803,0.0272507088013572,25.0520902014319,0.0170477572840257
363,,,,,25.0620385446452,0.0267777764955271,25.060279984225197,0.0174675486689057
364,,,,,25.070228327438503,0.0263048441896969,25.0684697670186,0.0179143171369807
365,,,,,25.0784181102319,0.0252973827143416,25.076659549811897,0.0183817954090848
366,,,,,25.0866078930252,0.0253788974389118,25.0848493326053,0.0188686360945711
367,,,,,25.0947976758186,0.0262247655121706,25.093039115398604,0.0193772353728434
368,,,,,25.1029874586119,0.0263959082588745,25.101228898192,0.0199081806031762
369,,,,,25.1111772414053,0.0267661311407152,25.109418680985303,0.0204697564930135
370,,,,,25.119367024198603,0.0284647988919872,25.1176084637787,0.0210617701383338
371,,,,,25.127556806992,0.02932877425369,25.125798246572,0.0216741839237217
372,,,,,25.1357465897853,0.0304146455521674,25.133988029365398,0.0223046903662398
373,,,,,25.143936372578697,0.0307434033862279,25.1421778121587,0.0229585087196097
374,,,,,25.152126155372,0.0307974497531554,25.1503675949521,0.0236435428206253
375,,,,,25.160315938165397,0.030639762171597997,25.1585573777454,0.0243631110657417
376,,,,,25.1685057209587,0.030482074590041,25.1667471605388,0.025115157740215
377,,,,,25.176695503752104,0.0331746234007694,25.1749369433321,0.0258948254998063
378,,,,,25.184885286545402,0.0368190362825504,25.183126726125497,0.0266968604711973
379,,,,,25.1930750693388,0.0378001647567087,25.1913165089188,0.0275143290691188
380,,,,,25.201264852132102,0.0382385487835144,25.199506291712197,0.0283513051834895
381,,,,,25.2094546349255,0.0381612873514071,25.207696074505503,0.0292215550738551
382,,,,,25.2176444177188,0.0380840259193003,25.2158858572989,0.0301287403227595
383,,,,,25.2258342005122,0.0392030569284956,25.224075640092202,0.0310718285877097
384,,,,,25.2340239833055,0.039576550314609,25.232265422885604,0.0320562622350663
385,,,,,25.2422137660989,0.0407260148989102,25.2404552056789,0.0330820490695983
386,,,,,25.250403548892198,0.0407817958502222,25.2486449884723,0.0341413624301563
387,,,,,25.2585933316856,0.0408375768015342,25.256834771265602,0.0352304209929213
388,,,,,25.266783114478898,0.0443257648721272,25.265024554059,0.0363612199573705
389,,,,,25.2749728972723,0.0456836286818653,25.273214336852302,0.0375471035050156
390,,,,,25.283162680065605,0.0483228787488426,25.2814041196457,0.0387835267336368
391,,,,,25.291352462859003,0.0495930627723501,25.289593902438998,0.0400658385755103
392,,,,,25.299542245652297,0.0508632467958577,25.297783685232396,0.0413963963156527
393,,,,,25.307732028445702,0.0528202687682237,25.305973468025698,0.042786500434998
394,,,,,25.315921811239,0.0546334270443379,25.314163250819103,0.0442403715683141
395,,,,,25.3241115940324,0.05551793874099999,25.322353033612398,0.0457461325902161
396,,,,,25.3323013768257,0.0559310995753695,25.330542816405803,0.04730775029207299
397,,,,,25.340491159619102,0.0563442604097397,25.3387325991991,0.0489353275083665
398,,,,,25.3486809424124,0.0591682496158606,25.346922381992503,0.0506244767462273
399,,,,,25.356870725205802,0.0601136882066418,25.3551121647858,0.0523697134550195
400,,,,,25.3650605079991,0.0608708650840482,25.3633019475792,0.0541736111121556
401,,,,,25.373250290792498,0.0628327990728193,25.3714917303725,0.0560433607088006
402,,,,,25.3814400735858,0.0660146225393114,25.3796815131659,0.0579809125513927
403,,,,,25.389629856379198,0.07017547588256799,25.3878712959592,0.0599909449091759
404,,,,,25.3978196391725,0.0718984820823039,25.396061078752602,0.0620805484001359
405,,,,,25.406009421965898,0.0736172823693162,25.404250861545897,0.0642467469938363
406,,,,,25.414199204759196,0.0769901142618505,25.4124406443393,0.0664927870581855
407,,,,,25.4223889875526,0.0780381790810607,25.4206304271326,0.06882307068723599
408,,,,,25.430578770345896,0.0790862439002697,25.428820209926,0.0712449874713419
409,,,,,25.4387685531393,0.0815657978688882,25.437009992719304,0.0737747605481716
410,,,,,25.446958335932603,0.085533176933082,25.4451997755127,0.0764171216263411
411,,,,,25.455148118726,0.0879396716398125,25.453389558305997,0.0791654876379661
412,,,,,25.4633379015193,0.0903217637980083,25.4615793410994,0.08200834366497099
413,,,,,25.4715276843127,0.0921162708423519,25.4697691238927,0.0849474520141353
414,,,,,25.479717467106,0.0962137007142776,25.4779589066861,0.0879962072032439
415,,,,,25.487907249899397,0.10054800062584698,25.4861486894794,0.09115591302900901
416,,,,,25.4960970326927,0.103964653154751,25.4943384722728,0.0944313841226005
417,,,,,25.5042868154861,0.10939120245700698,25.502528255066103,0.0978290858640421
418,,,,,25.5124765982794,0.111308018141397,25.5107180378595,0.10134865152685302
419,,,,,25.520666381072804,0.113375014414943,25.5189078206528,0.104998372049908
420,,,,,25.5288561638661,0.116392992155519,25.527097603446197,0.108775378791772
421,,,,,25.537045946659497,0.12221601684602301,25.5352873862395,0.1126780721707
422,,,,,25.545235729452802,0.14091838026522302,25.543477169032897,0.11672028301657401
423,,,,,25.5534255122462,0.141518741483079,25.5516669518262,0.120901983864287
424,,,,,25.561615295039502,0.14179758702018802,25.559856734619604,0.125218736493968
425,,,,,25.5698050778329,0.142076432557296,25.568046517412895,0.129683527649381
426,,,,,25.577994860626198,0.143987256978023,25.5762363002063,0.13430293036531502
427,,,,,25.5861846434196,0.14805541156422303,25.584426082999602,0.139065562686209
428,,,,,25.594374426212898,0.153217388229005,25.592615865793,0.14398088032448403
429,,,,,25.6025642090063,0.162676253477059,25.600805648586302,0.149075989312037
430,,,,,25.6107539917996,0.16463545856410502,25.6089954313797,0.154357065236787
431,,,,,25.618943774593,0.17000141687722198,25.617185214173002,0.159811645070643
432,,,,,25.6271335573863,0.177822573444678,25.6253749969664,0.165429601243118
433,,,,,25.6353233401797,0.185046553103742,25.6335647797597,0.171209200227774
434,,,,,25.643513122972998,0.19245840117784302,25.6417545625531,0.17716791035314103
435,,,,,25.651702905766395,0.19987024925194397,25.649944345346398,0.18332368956370498
436,,,,,25.659892688559697,0.199941248679925,25.6581341281398,0.189674727473265
437,,,,,25.668082471353102,0.20616028817209697,25.666323910933105,0.196213748943763
438,,,,,25.6762722541464,0.21264330260874695,25.674513693726503,0.20292874097088798
439,,,,,25.684462036939802,0.21841858710891102,25.682703476519798,0.209820564606018
440,,,,,25.6926518197331,0.22503305322246303,25.690893259313196,0.216904026774698
441,,,,,25.7008416025265,0.23370198856337102,25.6990830421065,0.224180718375617
442,,,,,25.7090313853198,0.241909500845685,25.7072728248999,0.231649337283763
443,,,,,25.7172211681132,0.250728907354268,25.7154626076932,0.23930350382538698
444,,,,,25.7254109509065,0.257935764502807,25.723652390486603,0.24714785651109802
445,,,,,25.733600733699898,0.26371201206164496,25.7318421732799,0.255211432165909
446,,,,,25.7417905164932,0.272239603341651,25.7400319560733,0.263494733020601
447,,,,,25.749980299286605,0.28158017737645397,25.7482217388666,0.271989942602583
448,,,,,25.758170082079896,0.290666008956028,25.75641152166,0.280696705119057
449,,,,,25.766359864873298,0.302777004651143,25.7646013044533,0.289611117344152
450,,,,,25.774549647666603,0.309073555305043,25.7727910872467,0.29874925933017404
451,,,,,25.78273943046,0.31489669777164503,25.780980870039997,0.308099487341572
452,,,,,25.790929213253303,0.32785225962128994,25.7891706528334,0.317628388400339
453,,,,,25.7991189960467,0.33887408857753,25.797360435626697,0.327322900200652
454,,,,,25.80730877884,0.34507142922451006,25.8055502184201,0.337198218507765
455,,,,,25.815498561633397,0.354169666466508,25.813740001213397,0.34729415244726897
456,,,,,25.8236883444267,0.36758845835626097,25.8219297840068,0.357610424170654
457,,,,,25.8318781272201,0.386219137503096,25.830119566800104,0.368115886073415
458,,,,,25.8400679100134,0.398206478329351,25.8383093495935,0.378786063544507
459,,,,,25.8482576928068,0.40569962123022707,25.8464991323868,0.389617691897455
460,,,,,25.8564474756001,0.41039934973293996,25.8546889151802,0.400642196290613
461,,,,,25.8646372583935,0.41996429913439104,25.8628786979735,0.411850827177026
462,,,,,25.8728270411868,0.43033967231993103,25.871068480766898,0.423209223577479
463,,,,,25.881016823980197,0.44550575813754606,25.8792582635602,0.4346985127929501
464,,,,,25.8892066067735,0.459563962310844,25.8874480463536,0.44632080460811296
465,,,,,25.897396389566897,0.46727034336062895,25.8956378291469,0.45811086923604705
466,,,,,25.905586172360202,0.47952025676320004,25.903827611940304,0.470066404861544
467,,,,,25.913775955153604,0.494633731531295,25.9120173947336,0.482165175528685
468,,,,,25.921965737946895,0.503951244233136,25.920207177526997,0.494399570773885
469,,,,,25.9301555207403,0.513681782628425,25.928396960320303,0.5067591269261289
470,,,,,25.938345303533602,0.525461155245438,25.9365867431137,0.5192418921245
471,,,,,25.946535086327,0.538217481108162,25.944776525907002,0.53182498453788
472,,,,,25.9547248691203,0.5528220718082929,25.9529663087004,0.544474366142477
473,,,,,25.9629146519137,0.5666098593510479,25.9611560914937,0.55716740926588
474,,,,,25.971104434706998,0.578663045218455,25.9693458742871,0.569900882846403
475,,,,,25.9792942175004,0.5913347903357739,25.9775356570804,0.582705736265037
476,,,,,25.987484000293698,0.605453625880668,25.9857254398738,0.595577861936064
477,,,,,25.995673783087103,0.6153192080885389,25.993915222667102,0.6084733421662221
478,,,,,26.003863565880398,0.628591894303148,26.0021050054605,0.6213616394006011
479,,,,,26.012053348673803,0.643658126225669,26.010294788253898,0.634245538017028
480,,,,,26.020243131467097,0.6588916467417181,26.0184845710472,0.647134932661818
481,,,,,26.028432914260502,0.666666468592779,26.026674353840605,0.660009760743703
482,,,,,26.0366226970538,0.679788153257589,26.034864136633896,0.672831420916033
483,,,,,26.0448124798472,0.6926362153063591,26.0430539194273,0.685561171760308
484,,,,,26.0530022626405,0.7048264857824209,26.051243702220603,0.698205260480929
485,,,,,26.0611920454339,0.7176892334947741,26.059433485014,0.710795228527323
486,,,,,26.0693818282272,0.7341341467691529,26.067623267807303,0.7233268757814258
487,,,,,26.077571611020602,0.7449009502430091,26.0758130506006,0.7357861342689559
488,,,,,26.085761393813897,0.7545976482408,26.084002833394,0.748144562445437
489,,,,,26.0939511766073,0.7674150876017758,26.0921926161874,0.7603577519921121
490,,,,,26.1021409594006,0.7786425816510509,26.1003823989807,0.772411010538857
491,,,,,26.110330742193998,0.7908447415677451,26.1085721817741,0.784299372228504
492,,,,,26.118520524987304,0.8039570288158401,26.1167619645674,0.796000904791213
493,,,,,26.1267103077807,0.814751123067526,26.1249517473608,0.8075003856185451
494,,,,,26.134900090574103,0.8282473266411351,26.1331415301541,0.8187959503130491
495,,,,,26.1430898733674,0.8358888873305831,26.141331312947504,0.829878791755705
496,,,,,26.151279656160696,0.853523062744515,26.1495210957408,0.840728487220117
497,,,,,26.1594694389541,0.8607283253848259,26.157710878534196,0.851321289512413
498,,,,,26.1676592217474,0.8680546590234279,26.165900661327502,0.8616422347851941
499,,,,,26.1758490045408,0.877273149233761,26.1740904441209,0.871680384724753
500,,,,,26.1840387873342,0.88555663180361,26.1822802269142,0.881421006113232
501,,,,,26.1922285701275,0.895530836983996,26.190470009707603,0.890858350805168
502,,,,,26.2004183529209,0.905121646778703,26.198659792500898,0.899969977816449
503,,,,,26.208608135714197,0.9165604250614409,26.2068495752943,0.908723781455583
504,,,,,26.2167979185076,0.9226429273641891,26.2150393580876,0.917116116504323
505,,,,,26.224987701300897,0.9374275347854469,26.223229140881,0.9251563034249408
506,,,,,26.233177484094302,0.9442482439860721,26.2314189236743,0.9328579677611301
507,,,,,26.241367266887604,0.948714050285845,26.2396087064677,0.940201428301447
508,,,,,26.249557049681002,0.9520480658312109,26.247798489260997,0.9471490122106629
509,,,,,26.2577468324743,0.955506826756305,26.2559882720544,0.953692678586404
510,,,,,26.2659366152677,0.965089112326597,26.264178054847697,0.959836054924614
511,,,,,26.274126398061,0.97096733179178,26.272367837641102,0.965576124075111
512,,,,,26.282316180854398,0.9748042033917791,26.280557620434397,0.9708972905873041
513,,,,,26.2905059636477,0.978641074991777,26.288747403227802,0.9757854532839749
514,,,,,26.2986957464411,0.980218602922025,26.296937186021104,0.9802412569888829
515,,,,,26.3068855292344,0.9884874532404501,26.305126968814502,0.984263935041129
516,,,,,26.3150753120278,0.9893824299192301,26.3133167516078,0.987843510511923
517,,,,,26.3232650948211,0.9902774065980101,26.3215065344012,0.990945176373157
518,,,,,26.331454877614497,0.994041590325083,26.3296963171945,0.993561155166675
519,,,,,26.3396446604078,0.997248206237853,26.337886099987898,0.9957542272314308
520,,,,,26.347834443201197,0.9974184837282281,26.3460758827812,0.9975239158307859
521,,,,,26.356024225994503,1.0,26.3542656655746,0.9988241918152959
522,,,,,26.3642140087879,0.999341108288473,26.362455448367896,0.9996523940595451
523,,,,,26.372403791581203,0.9986822165769459,26.370645231161298,1.0
524,,,,,26.3805935743746,0.996709349778412,26.3788350139546,0.999870447153461
525,,,,,26.3887833571679,0.9953142294100341,26.387024796747998,0.999273210677363
526,,,,,26.3969731399613,0.994904142038368,26.395214579541303,0.998217065314952
527,,,,,26.405162922754602,0.994494054666702,26.4034043623347,0.996702230583296
528,,,,,26.413352705548,0.9935584442692711,26.411594145128003,0.994725500984149
529,,,,,26.421542488341302,0.9905636225786508,26.4197839279214,0.9923122724452179
530,,,,,26.4297322711347,0.985424359300207,26.4279737107147,0.989476503672322
531,,,,,26.437922053928,0.9839345415077769,26.4361634935081,0.986201779698549
532,,,,,26.446111836721396,0.9809817012163009,26.4443532763014,0.9824953916466379
533,,,,,26.4543016195147,0.974121641254896,26.4525430590948,0.9783680217765309
534,,,,,26.462491402308103,0.97013720000281,26.460732841888102,0.973825207687386
535,,,,,26.470681185101398,0.9669145001536891,26.4689226246815,0.9688739844564159
536,,,,,26.478870967894803,0.959013257977104,26.4771124074748,0.963498888828703
537,,,,,26.4870607506881,0.951888719813317,26.485302190268197,0.9577026831172271
538,,,,,26.4952505334815,0.945325940245118,26.4934919730615,0.9515164821513531
539,,,,,26.5034403162748,0.938644248834507,26.501681755854896,0.944973299475715
540,,,,,26.5116300990682,0.932262371323486,26.5098715386482,0.938085591329997
541,,,,,26.5198198818615,0.931361096887683,26.518061321441603,0.93084381649491
542,,,,,26.5280096646549,0.9253506903014491,26.526251104234902,0.9232433067431679
543,,,,,26.5361994474482,0.9199692617769559,26.534440887028303,0.915287209506344
544,,,,,26.544389230241602,0.9047646020713441,26.5426306698216,0.907000371008181
545,,,,,26.552579013034897,0.895945457684122,26.550820452615,0.8983986104119499
546,,,,,26.5607687958283,0.8842824750813458,26.5590102354083,0.889475209159707
547,,,,,26.5689585786216,0.872497064106479,26.5672000182017,0.880246252798124
548,,,,,26.577148361415,0.8633328527851359,26.575389800995,0.870747728477907
549,,,,,26.585338144208304,0.8533784202646141,26.5835795837884,0.861015153260046
550,,,,,26.593527927001702,0.8451727542143679,26.591769366581698,0.8510645335871841
551,,,,,26.601717709794997,0.833316477785763,26.5999591493751,0.840883400553978
552,,,,,26.609907492588395,0.822396917757269,26.608148932168397,0.830467240718967
553,,,,,26.6180972753817,0.812413772313655,26.6163387149618,0.81984590373704
554,,,,,26.6262870581751,0.802263839111962,26.624528497755104,0.809050299130813
555,,,,,26.6344768409684,0.791980694270186,26.632718280548502,0.798094577550751
556,,,,,26.6426666237618,0.784008644946668,26.640908063341797,0.786967967418382
557,,,,,26.6508564065551,0.7825828128359251,26.649097846135202,0.7756661765625408
558,,,,,26.6590461893485,0.7622756403361541,26.6572876289285,0.7642192435688101
559,,,,,26.6672359721418,0.74621405450959,26.6654774117219,0.7526578616383649
560,,,,,26.675425754935198,0.734567767560212,26.6736671945152,0.741014043854467
561,,,,,26.6836155377285,0.7229185257701509,26.681856977308602,0.729284269247398
562,,,,,26.691805320521897,0.7101181782765269,26.6900467601019,0.7174306106151209
563,,,,,26.6999951033152,0.7037501892523241,26.6982365428953,0.7054593654486779
564,,,,,26.708184886108604,0.702661598297692,26.7064263256886,0.693401701657168
565,,,,,26.716374668901896,0.6760338383858531,26.714616108481998,0.681297746494304
566,,,,,26.7245644516953,0.663894201394869,26.7228058912753,0.669175109321531
567,,,,,26.732754234488603,0.6525808590357349,26.730995674068698,0.657018413566499
568,,,,,26.740944017282,0.639011076029522,26.739185456862,0.6448293170004841
569,,,,,26.749133800075303,0.6252750853434059,26.747375239655398,0.632641920474161
570,,,,,26.7573235828687,0.6129098281012609,26.755565022448696,0.620492836233813
571,,,,,26.765513365662,0.603617003138296,26.7637548052421,0.608378590839723
572,,,,,26.7737031484554,0.594388392534718,26.771944588035396,0.5962766735184449
573,,,,,26.7818929312487,0.590502179699377,26.7801343708288,0.5842085776009039
574,,,,,26.7900827140421,0.5712352803512241,26.788324153622103,0.5721885755181529
575,,,,,26.7982724968354,0.559482487629767,26.7965139364155,0.560232069779135
576,,,,,26.8064622796288,0.5450226056429821,26.8047037192088,0.548352874778328
577,,,,,26.814652062422105,0.534358710223365,26.8128935020022,0.5365293015101961
578,,,,,26.822841845215503,0.524451658930444,26.8210832847955,0.524774851981191
579,,,,,26.831031628008798,0.512772804058592,26.829273067588897,0.513123273330108
580,,,,,26.839221410802196,0.500037019970865,26.8374628503822,0.501593188299206
581,,,,,26.8474111935955,0.488649857131536,26.8456526331756,0.490175310441086
582,,,,,26.8556009763889,0.476399185342866,26.8538424159689,0.478847153219406
583,,,,,26.8637907591822,0.467765845852938,26.862032198762304,0.46762409939366995
584,,,,,26.871980541975603,0.456493546153197,26.8702219815556,0.45652156382624104
585,,,,,26.880170324768898,0.444557633199395,26.878411764348996,0.445553307755868
586,,,,,26.8883601075623,0.43389703138573704,26.886601547142302,0.434740653608002
587,,,,,26.8965498903556,0.421725743516623,26.8947913299357,0.42407625153436695
588,,,,,26.904739673149,0.41126204896516294,26.902981112729,0.41355687014647297
589,,,,,26.9129294559423,0.402647404862136,26.9111708955224,0.403188705462726
590,,,,,26.9211192387357,0.39522240246038,26.9193606783157,0.392978253149198
591,,,,,26.929309021529,0.38869543631670794,26.9275504611091,0.382937312817432
592,,,,,26.9374988043224,0.37342899067953295,26.935740243902398,0.37305920989284
593,,,,,26.945688587115697,0.36310532860499606,26.9439300266958,0.36333373522824197
594,,,,,26.953878369909102,0.35355913422941604,26.9521198094891,0.35376161012601504
595,,,,,26.962068152702397,0.342881299678516,26.9603095922825,0.344353788813596
596,,,,,26.970257935495802,0.33722751381907695,26.9684993750758,0.33511968373585804
597,,,,,26.978447718289104,0.327982270360433,26.9766891578692,0.326049564555652
598,,,,,26.9866375010825,0.319214357124437,26.984878940662497,0.317144213050842
599,,,,,26.9948272838758,0.31125132752243395,26.993068723455895,0.308421262407724
600,,,,,27.003017066669198,0.303678363201934,27.001258506249197,0.29988807054989397
601,,,,,27.0112068494625,0.29850920789011,27.009448289042602,0.291532591502208
602,,,,,27.019396632255898,0.29556321723374895,27.0176380718359,0.28333186120418896
603,,,,,27.0275864150492,0.28552650952902503,27.025827854629302,0.27528473406476395
604,,,,,27.0357761978426,0.277399205754482,27.0340176374226,0.26740556008919697
605,,,,,27.0439659806359,0.266370197297434,27.042207420216,0.259705977794872
606,,,,,27.052155763429298,0.25424608225417106,27.0503972030093,0.252202077028047
607,,,,,27.0603455462226,0.24856459426933603,27.058586985802698,0.244886006465385
608,,,,,27.068535329015997,0.244030577116917,27.066776768596,0.237740680943516
609,,,,,27.076725111809303,0.24616308804108702,27.074966551389398,0.23076473406031103
610,,,,,27.0849148946027,0.246734298314613,27.0831563341827,0.223956146104724
611,,,,,27.093104677396003,0.24534366804334198,27.091346116976105,0.21731348686790697
612,,,,,27.1012944601894,0.243953037772072,27.099535899769396,0.210830760598302
613,,,,,27.1094842429827,0.213202149308015,27.107725682562798,0.20449596330353398
614,,,,,27.1176740257761,0.20278105991057002,27.115915465356103,0.19831183226291002
615,,,,,27.1258638085694,0.19645410173390304,27.1241052481495,0.192291017995108
616,,,,,27.1340535913628,0.19401204324006402,27.132295030942803,0.18643954791409803
617,,,,,27.142243374156102,0.186111428170172,27.1404848137362,0.18075497883214198
618,,,,,27.1504331569495,0.17971901149018998,27.1486745965295,0.175227490368063
619,,,,,27.1586229397428,0.17381755042978903,27.1568643793229,0.16985390348101198
620,,,,,27.1668127225362,0.16789912379125302,27.1650541621162,0.164624585135289
621,,,,,27.1750025053295,0.162997027272551,27.1732439449096,0.159529921029357
622,,,,,27.183192288122896,0.16141888968246,27.1814337277029,0.154575538094412
623,,,,,27.191382070916198,0.157912032119463,27.1896235104963,0.14976571008374404
624,,,,,27.199571853709603,0.15056649924632198,27.1978132932896,0.145098912098968
625,,,,,27.2077616365029,0.14417910105370998,27.206003076083004,0.140563486209986
626,,,,,27.215951419296303,0.140430917795453,27.2141928588763,0.1361560617582
627,,,,,27.2241412020896,0.137669784894582,27.222382641669697,0.131877273610748
628,,,,,27.232330984883,0.134448315956751,27.230572424463,0.127714480757737
629,,,,,27.2405207676763,0.12766882716377,27.2387622072564,0.123672449586556
630,,,,,27.2487105504697,0.125379660602584,27.246951990049702,0.119761790951775
631,,,,,27.256900333263,0.123254551717,27.255141772843103,0.115973990528797
632,,,,,27.2650901160564,0.118128171258044,27.263331555636395,0.11230352338565301
633,,,,,27.273279898849697,0.113452204624375,27.2715213384298,0.10874123028091802
634,,,,,27.2814696816431,0.11035192358284698,27.279711121223198,0.105280912374399
635,,,,,27.289659464436397,0.106204310112574,27.2879009040165,0.10193079608043401
636,,,,,27.2978492472298,0.10372841531808699,27.2960906868098,0.0986907042987204
637,,,,,27.306039030023104,0.100163462035481,27.3042804696032,0.0955599298300375
638,,,,,27.314228812816502,0.0982935219406371,27.312470252396604,0.0925358129131829
639,,,,,27.322418595609797,0.0949032409595425,27.3206600351899,0.0896062904900846
640,,,,,27.330608378403202,0.0926488354296304,27.328849817983304,0.0867591755421176
641,,,,,27.3387981611965,0.0922033281582335,27.337039600776603,0.0839953160941387
642,,,,,27.346987943989898,0.0917578208868361,27.345229383570004,0.0813238677398802
643,,,,,27.3551777267832,0.0889433840036195,27.353419166363302,0.0787432709527618
644,,,,,27.3633675095766,0.082895128976357,27.3616089491567,0.0762491509236525
645,,,,,27.3715572923699,0.0801925249791123,27.369798731950002,0.0738326182463728
646,,,,,27.3797470751633,0.0765041666247203,27.3779885147434,0.0714846435871703
647,,,,,27.3879368579566,0.0735572214744597,27.3861782975367,0.0692116168014692
648,,,,,27.396126640749998,0.0719553860977441,27.3943680803301,0.0670202392926874
649,,,,,27.4043164235434,0.0713708771610943,27.4025578631234,0.0649041733342685
650,,,,,27.412506206336698,0.06906422546428999,27.4107476459168,0.062857076465401
651,,,,,27.42069598913,0.0656861713945441,27.4189374287101,0.0608829381118446
652,,,,,27.428885771923397,0.0648505782908608,27.4271272115035,0.0589823074801471
653,,,,,27.437075554716703,0.0637209592829337,27.435316994296798,0.0571485658010455
654,,,,,27.4452653375101,0.0612120335436527,27.443506777090203,0.0553790104416021
655,,,,,27.453455120303396,0.0603380150147907,27.451696559883498,0.0536655152369312
656,,,,,27.4616449030968,0.0594639964859277,27.459886342676896,0.0520052462469677
657,,,,,27.4698346858902,0.0552628931889469,27.4680761254702,0.0504117983507965
658,,,,,27.4780244686835,0.0537951487272718,27.476265908263603,0.0488808948325354
659,,,,,27.4862142514769,0.0537061030388476,27.4844556910569,0.0473979977352191
660,,,,,27.4944040342702,0.0536170573504224,27.492645473850303,0.0459655643343078
661,,,,,27.5025938170636,0.0498309750191563,27.5008352566436,0.0445805776915373
662,,,,,27.510783599856897,0.0470640610863922,27.509025039437,0.0432386972757026
663,,,,,27.518973382650298,0.0466213420362603,27.5172148222303,0.0419456084080432
664,,,,,27.5271631654436,0.0484641500641592,27.5254046050237,0.0406993048483758
665,,,,,27.535352948236998,0.049456427514956,27.533594387817,0.0394934462626668
666,,,,,27.543542731030303,0.0468233178827275,27.5417841706104,0.0383220652465034
667,,,,,27.5517325138237,0.0441902082504984,27.549973953403697,0.0371898521144495
668,,,,,27.559922296616996,0.0414990840493124,27.5581637361971,0.0361011235197775
669,,,,,27.5681120794104,0.0403766993546216,27.566353518990397,0.0350439836354996
670,,,,,27.5763018622037,0.0388650539074909,27.5745433017838,0.0340134543581937
671,,,,,27.5844916449971,0.0362777932579885,27.582733084577104,0.0330210987224863
672,,,,,27.5926814277904,0.0358208972465147,27.5909228673705,0.0320717128069182
673,,,,,27.6008712105838,0.0357750003568687,27.599112650163804,0.0311568612470608
674,,,,,27.609060993377103,0.0357291034672238,27.6073024329572,0.030265628169418
675,,,,,27.6172507761705,0.0357863050686839,27.6154922157505,0.0293880896175594
676,,,,,27.6254405589638,0.0349036742123981,27.623681998543898,0.028534320507724
677,,,,,27.633630341757197,0.0340210433561119,27.6318717813372,0.0277220728033727
678,,,,,27.6418201245505,0.0325336272052298,27.6400615641306,0.0269457057839732
679,,,,,27.650009907343897,0.0317356671788638,27.6482513469239,0.0261947154209472
680,,,,,27.6581996901372,0.0295936684274088,27.6564411297173,0.025476108816482
681,,,,,27.666389472930604,0.0275316964660605,27.6646309125106,0.0247950002437689
682,,,,,27.674579255723902,0.0273209531758206,27.672820695303997,0.0241343290674122
683,,,,,27.6827690385173,0.0271102098855806,27.6810104780973,0.0234725717823218
684,,,,,27.690958821310602,0.0249896288452847,27.689200260890697,0.0228128035718296
685,,,,,27.699148604104,0.0255255616595762,27.697390043684003,0.0221824955086197
686,,,,,27.7073383868973,0.0262362394084935,27.7055798264774,0.0215924877116774
687,,,,,27.7155281696907,0.0264235981521939,27.713769609270702,0.0210208381417832
688,,,,,27.723717952484,0.0266109568958937,27.7219593920641,0.0204601826023444
689,,,,,27.7319077352774,0.026862551532221,27.7301491748574,0.0199255692135318
690,,,,,27.740097518070698,0.0262373991297904,27.7383389576508,0.0194144426020438
691,,,,,27.7482873008641,0.0256122467273597,27.746528740444102,0.0189113389210761
692,,,,,27.756477083657398,0.0219762090843823,27.7547185232375,0.0184166546869698
693,,,,,27.7646668664508,0.0218816295358426,27.762908306030802,0.0179421234870956
694,,,,,27.772856649244105,0.0215087274790979,27.7710980888242,0.017494421123647
695,,,,,27.781046432037503,0.0210493477288268,27.7792878716175,0.0170683384082277
696,,,,,27.789236214830797,0.0209839659276325,27.787477654410896,0.0166524042756141
697,,,,,27.797425997624195,0.0208918627269002,27.795667437204198,0.0162513183284206
698,,,,,27.8056157804175,0.0204182898020421,27.803857219997603,0.0158733252522118
699,,,,,27.8138055632109,0.0199447168771829,27.812047002790898,0.0155144151528139
700,,,,,27.8219953460042,0.0182855858456258,27.820236785584303,0.0151689255732753
701,,,,,27.830185128797602,0.0177503650351685,27.8284265683776,0.014825298548288
702,,,,,27.8383749115909,0.0183212039210635,27.836616351171,0.0144860033145881
703,,,,,27.846564694384302,0.0181381653168834,27.8448061339643,0.0141613161393474
704,,,,,27.8547544771776,0.0179551267127044,27.8529959167577,0.0138412482617408
705,,,,,27.862944259970998,0.0170865959443712,27.861185699551,0.0135261723275736
706,,,,,27.8711340427643,0.0173446436635182,27.8693754823444,0.0132304612629966
707,,,,,27.879323825557698,0.0172071927635066,27.8775652651377,0.0129486087826125
708,,,,,27.887513608351,0.017069741863493998,27.885755047931102,0.0126667649739765
709,,,,,27.895703391144398,0.0197466981060637,27.893944830724397,0.0123885469922897
710,,,,,27.903893173937696,0.0194601032937939,27.9021346135178,0.0121272174917593
711,,,,,27.9120829567311,0.0191735084815242,27.9103243963111,0.0118806189257745
712,,,,,27.920272739524396,0.0185770302927783,27.9185141791045,0.0116349800734326
713,,,,,27.9284625223178,0.017327769182645,27.926703961897804,0.0113885323721962
714,,,,,27.936652305111103,0.0145790538925462,27.934893744691202,0.0111434232432637
715,,,,,27.9448420879045,0.0130064470646038,27.943083527484497,0.0109010167033944
716,,,,,27.9530318706978,0.0131255157138354,27.9512733102779,0.0106673844364793
717,,,,,27.9612216534912,0.0131646260262814,27.9594630930712,0.0104533448436454
718,,,,,27.9694114362845,0.0129814252479994,27.9676528758646,0.0102594590146876
719,,,,,27.977601219077897,0.0127982244697169,27.9758426586579,0.0100660453958389
720,,,,,27.9857910018712,0.0132399824217469,27.9840324414513,0.009872386226924509
721,,,,,27.993980784664604,0.0130061335373186,27.9922222242446,0.00969160946722128
722,,,,,28.0021705674579,0.0127722846528898,28.000412007038,0.00951448564113159
723,,,,,28.010360350251304,0.0104487966783741,28.0086017898313,0.00932615717122894
724,,,,,28.0185501330446,0.0114503297675421,28.016791572624697,0.009134279186167741
725,,,,,28.026739915837997,0.012367687004209,28.024981355418,0.008953698944647759
726,,,,,28.034929698631302,0.0128256951024816,28.033171138211397,0.00878024872899183
727,,,,,28.0431194814247,0.0132837032007547,28.0413609210047,0.00861418033506931
728,,,,,28.051309264218002,0.0129473361860254,28.049550703798104,0.00846653473660676
729,,,,,28.0594990470114,0.0126109691712961,28.057740486591396,0.00832296297871753
730,,,,,28.0676888298047,0.0113773964740803,28.0659302693848,0.008165249411778491
731,,,,,28.0758786125981,0.0124093475645783,28.074120052178102,0.00800347013980945
